Name,Company,Img
Forbidden Forests,Art Of Play,ForbiddenForest
Star Wars: Blue Edition,Theory11,SWBlue
Star Wars: Red Edition,Theory11,SWRed
Star Wars: Silver Edition,Theory11,SWWhite
Memento Mori White,Chris Ramsay,MoriWhite
Memento Mori Black,Chris Ramsay,MoriBlack
High Victorian Green,Theory11,VictorianGreen
Nationals Red,Theory11,NationalReds
Avengers : Red Edition,Theory11,AvgRed
Mandalorian,Theory11,Mando
Monarchs Blue,Theory11,MonarchsBlue
Shantell Martin,Theory11,MartinWhite
Jaqk Cellars Rose,Theory11,JaqkRose
Banshees,Murphy's Magic,Banshees
